{
    "total_quotes": 100,
    "top_authors": {
        "Albert Einstein": 10,
        "J.K. Rowling": 9,
        "Marilyn Monroe": 7,
        "Dr. Seuss": 6,
        "Mark Twain": 6,
        "Jane Austen": 5,
        "C.S. Lewis": 5,
        "Bob Marley": 3,
        "Eleanor Roosevelt": 2,
        "Ralph Waldo Emerson": 2,
        "Mother Teresa": 2,
        "George R.R. Martin": 2,
        "Ernest Hemingway": 2,
        "Charles Bukowski": 2,
        "Suzanne Collins": 2,
        "Andr\u00e9 Gide": 1,
        "Thomas A. Edison": 1,
        "Steve Martin": 1,
        "Douglas Adams": 1,
        "Elie Wiesel": 1,
        "Friedrich Nietzsche": 1,
        "Allen Saunders": 1,
        "Pablo Neruda": 1,
        "Garrison Keillor": 1,
        "Jim Henson": 1,
        "Charles M. Schulz": 1,
        "William Nicholson": 1,
        "Jorge Luis Borges": 1,
        "George Eliot": 1,
        "Martin Luther King Jr.": 1,
        "James Baldwin": 1,
        "Haruki Murakami": 1,
        "Alexandre Dumas fils": 1,
        "Stephenie Meyer": 1,
        "Helen Keller": 1,
        "George Bernard Shaw": 1,
        "J.R.R. Tolkien": 1,
        "Alfred Tennyson": 1,
        "Terry Pratchett": 1,
        "J.D. Salinger": 1,
        "George Carlin": 1,
        "John Lennon": 1,
        "W.C. Fields": 1,
        "Ayn Rand": 1,
        "Jimi Hendrix": 1,
        "J.M. Barrie": 1,
        "E.E. Cummings": 1,
        "Khaled Hosseini": 1,
        "Harper Lee": 1,
        "Madeleine L'Engle": 1
    },
    "top_tags": {
        "love": 14,
        "inspirational": 13,
        "life": 13,
        "humor": 12,
        "books": 11,
        "reading": 7,
        "friendship": 5,
        "friends": 4,
        "truth": 4,
        "simile": 3,
        "attributed-no-source": 3,
        "death": 3,
        "writing": 3,
        "thinking": 2,
        "classic": 2,
        "paraphrased": 2,
        "courage": 2,
        "philosophy": 2,
        "religion": 2,
        "yourself": 2,
        "children": 2,
        "music": 2,
        "learning": 2,
        "dumbledore": 2,
        "library": 2,
        "hope": 2,
        "change": 1,
        "deep-thoughts": 1,
        "world": 1,
        "abilities": 1,
        "choices": 1,
        "live": 1,
        "miracle": 1,
        "miracles": 1,
        "aliteracy": 1,
        "be-yourself": 1,
        "adulthood": 1,
        "success": 1,
        "value": 1,
        "edison": 1,
        "failure": 1,
        "misattributed-eleanor-roosevelt": 1,
        "obvious": 1,
        "heartbreak": 1,
        "sisters": 1,
        "simplicity": 1,
        "understand": 1,
        "fantasy": 1,
        "navigation": 1,
        "activism": 1,
        "apathy": 1,
        "hate": 1,
        "indifference": 1,
        "opposite": 1,
        "lack-of-friendship": 1,
        "lack-of-love": 1,
        "marriage": 1,
        "unhappy-marriage": 1,
        "contentment": 1,
        "fate": 1,
        "misattributed-john-lennon": 1,
        "planning": 1,
        "plans": 1,
        "poetry": 1,
        "happiness": 1,
        "comedy": 1,
        "fairy-tales": 1,
        "imagination": 1,
        "seuss": 1,
        "misattributed-to-mother-teresa": 1,
        "chocolate": 1,
        "food": 1,
        "misattributed-to-c-s-lewis": 1,
        "knowledge": 1,
        "understanding": 1,
        "wisdom": 1,
        "read": 1,
        "readers": 1,
        "reading-books": 1,
        "tea": 1,
        "girls": 1,
        "attributed": 1,
        "fear": 1,
        "inspiration": 1,
        "thought": 1,
        "misattributed-to-einstein": 1,
        "drug": 1,
        "romance": 1,
        "novelist-quotes": 1,
        "alcohol": 1,
        "the-hunger-games": 1,
        "bilbo": 1,
        "journey": 1,
        "lost": 1,
        "quest": 1,
        "travel": 1,
        "wander": 1,
        "live-death-love": 1,
        "good": 1,
        "regrets": 1
    },
    "quotes_per_author_distribution": {
        "Albert Einstein": 10,
        "J.K. Rowling": 9,
        "Jane Austen": 5,
        "Marilyn Monroe": 7,
        "Andr\u00e9 Gide": 1,
        "Thomas A. Edison": 1,
        "Eleanor Roosevelt": 2,
        "Steve Martin": 1,
        "Bob Marley": 3,
        "Dr. Seuss": 6,
        "Douglas Adams": 1,
        "Elie Wiesel": 1,
        "Friedrich Nietzsche": 1,
        "Mark Twain": 6,
        "Allen Saunders": 1,
        "Pablo Neruda": 1,
        "Ralph Waldo Emerson": 2,
        "Mother Teresa": 2,
        "Garrison Keillor": 1,
        "Jim Henson": 1,
        "Charles M. Schulz": 1,
        "William Nicholson": 1,
        "Jorge Luis Borges": 1,
        "George Eliot": 1,
        "George R.R. Martin": 2,
        "C.S. Lewis": 5,
        "Martin Luther King Jr.": 1,
        "James Baldwin": 1,
        "Haruki Murakami": 1,
        "Alexandre Dumas fils": 1,
        "Stephenie Meyer": 1,
        "Ernest Hemingway": 2,
        "Helen Keller": 1,
        "George Bernard Shaw": 1,
        "Charles Bukowski": 2,
        "Suzanne Collins": 2,
        "J.R.R. Tolkien": 1,
        "Alfred Tennyson": 1,
        "Terry Pratchett": 1,
        "J.D. Salinger": 1,
        "George Carlin": 1,
        "John Lennon": 1,
        "W.C. Fields": 1,
        "Ayn Rand": 1,
        "Jimi Hendrix": 1,
        "J.M. Barrie": 1,
        "E.E. Cummings": 1,
        "Khaled Hosseini": 1,
        "Harper Lee": 1,
        "Madeleine L'Engle": 1
    }
}